Workbook

Sheet Lists
A1: Teams | B1: Service Lines | C1: Months (1st of month) | D1: Employees (add your staff here) | E1: Reviewers (add supervisors/partners here)
A2: JIM ROBERTS CONSULTING | B2: Internal Audit | C2: 2026-04-01 | D2: Anthony Kaale | E2: CPA Ruth Waibale Mwoga
A3: JIM ROBERTS CONSULTING | B3: Internal Audit | C3: 2026-05-01 | D3: Catherine Nakimuli | E3: CPA Ruth Waibale Mwoga
C4: 2026-06-01
C5: 2026-07-01
C6: 2026-08-01
C7: 2026-09-01
C8: 2026-10-01
C9: 2026-11-01
C10: 2026-12-01

Sheet KPI_Definitions
A1: KPI_ID | B1: Perspective | C1: PerspectiveWeight | D1: KPI | E1: KPIWeight | F1: Target | G1: Unit/Notes
A2: CUST_01 | B2: Customers/Stakeholders | C2: 0.1 | D2: Customer Satisfaction Survey score | E2: 1 | F2: 5 | G2: Score 1-5
A3: FIN_01 | B3: Financial | C3: 0.2 | D3: Collection for the month in UGX | E3: 1 | F3: 20000000 | G3: UGX
A4: PROC_01 | B4: Internal Business Process | C4: 0.4 | D4: No. of business referrals provided | E4: 0.1 | F4: 1 | G4: Count
A5: PROC_02 | B5: Internal Business Process | C5: 0.4 | D5: No. of clients got (business closed) | E5: 0.3 | F5: 1 | G5: Count
A6: PROC_03 | B6: Internal Business Process | C6: 0.4 | D6: Timely submission of weekly accountability reports | E6: 0.1 | F6: 4 | G6: Count (weekly)
A7: PROC_04 | B7: Internal Business Process | C7: 0.4 | D7: Timely submission of monthly Time Sheets | E7: 0.1 | F7: 1 | G7: Yes=1 / No=0 or count
A8: PROC_05 | B8: Internal Business Process | C8: 0.4 | D8: Timely completion of assignments | E8: 0.1 | F8: 5 | G8: Score 1-5
A9: PROC_06 | B9: Internal Business Process | C9: 0.4 | D9: Quality of assignments handled (QCR results) | E9: 0.3 | F9: 5 | G9: Score 1-5
A10: PEOP_01 | B10: People and Culture | C10: 0.23 | D10: Time keeping - Score from Odoo Attendance App | E10: 0.95 | F10: 5 | G10: Score 1-5
A11: PEOP_02 | B11: People and Culture | C11: 0.23 | D11: Evidence of living the firm's Vision, Mission and Values | E11: 0.05 | F11: 5 | G11: Score 1-5
A12: ESG_01 | B12: ESG and Sustainability | C12: 0.02 | D12: Demonstrates support to the firm's ESG and Sustainability agenda | E12: 1 | F12: 5 | G12: Score 1-5
A13: LNI_01 | B13: Learning and Innovation | C13: 0.05 | D13: No. of hours committed to internal training | E13: 0.25 | F13: 12 | G13: Hours
... A17: LNI_05 | B17: Learning and Innovation | C17: 0.05 | D17: Contributes innovative ideas to the firm | E17: 0.2 | F17: 5 | G17: Score 1-5

Sheet Employees
A1: Employee_ID | B1: name | C1: Job Title | D1: email | E1: Work Phone | F1: First Contract Date | G1: Contract End Date | H1: Birthday | I1: Company | J1: team | K1: service_line | L1: reviewer
A2: 1 | B2: Alex Otala | C2: Finance and Admin Assistant | D2: alex.otala@hlbjimroberts.com | F2: 46023 | G2: 46387 | H2: 24791 | J2: JIM ROBERTS CONSULTING | L2: Ruth Waibale Mwoga
A3: 2 | B3: Angella Nakintu | C3: Business Development Manager | D3: angella.nakintu@hlbjimroberts.com | F3: 46062 | G3: 46426 | H3: 36190 | J3: HLB JIM ROBERTS | K3: External Audit | L3: Samuel Okurapa
A4: 3 | B4: Anthony Kaale | C4: Internal Audit/Team Leader | D4: anthony.kaale@hlbjimroberts.com | F4: 46204 | G4: 46418 | H4: 34452 | J4: JIM ROBERTS CONSULTING | K4: Internal Audit | L4: Ruth Waibale Mwoga
A5: 4 | B5: Anyine Mugumya Louis | C5: IT Consultant | D5: louis.anyine@hlbjimroberts.com | J5: JIM ROBERTS CONSULTING | L5: James Onyoin Okello
A6: 5 | B6: Brivian Joan Nakaggwa | F6: 46204 | J6: JIM ROBERTS CONSULTING | K6: Internal Audit | L6: Ruth Waibale Mwoga
A7: 6 | B7: David Kolo | C7: Team Member | D7: david.koloh@hlbjimroberts.com | F7: 46023 | G7: 46387 | H7: 36680 | J7: HLB JIM ROBERTS | K7: Internal Audit | L7: Samuel Okurapa
A8: 7 | B8: Derick Kiviri Luwandaga | C8: Manager Audit & Assurance | D8: derick.luwandaga@hlbjimroberts.com | J8: HLB JIM ROBERTS | K8: Internal Audit | L8: Samuel Okurapa
A9: 8 | B9: Emmanuel Onono | D9: emmanuel.onono@hlbjimroberts.com | F9: 46204 | H9: 36182 | J9: JIM ROBERTS CONSULTING | K9: Internal Audit | L9: Ruth Waibale Mwoga
A10: 9 | B10: Gilbert Wandera | C10: Team Member | D10: gilbert.wandera@hlbjimroberts.com | F10: 45962 | G10: 46326 | H10: 36941 | J10: HLB JIM ROBERTS | K10: Internal Audit
A11: 10 | B11: Innocent Akabway | C11: Digital Marketing Officer | D11: innocent.akabway@hlbjimroberts.com | F11: 46174 | G11: 46477 | H11: 34785 | J11: JIM ROBERTS CONSULTING | K11: Internal Audit | L11: Ruth Waibale Mwoga
A12: 11 | B12: James Okello Onyoin | C12: Managing Partner | D12: james.onyoin@hlbjimroberts.com | F12: 37043 | H12: 23795 | J12: HLB JIM ROBERTS | K12: Internal Audit
A13: 12 | B13: Julius Kenneth Okurut | C13: Partner | D13: julius.okurut@hlbjimroberts.com | F13: 45047 | H13: 28710 | J13: HLB JIM ROBERTS | K13: Internal Audit | L13: James Onyoin Okello
A14: 15 | B14: Mariam Nassozi | C14: Digital Marketing Officer | D14: mariam.nassozi@hlbjimroberts.com | J14: JIM ROBERTS CONSULTING | K14: Internal Audit | L14: Ruth Waibale Mwoga
A15: 16 | B15: Marion Onyoin | C15: HR Consultant | D15: marion.onyoin@hlbjimroberts.com | F15: 44743 | H15: 28239 | J15: JIM ROBERTS CONSULTING | K15: Internal Audit | L15: Ruth Waibale Mwoga
A16: 17 | B16: Moses Setebere | C16: Team Member | D16: moses.setebere@hlbjimroberts.com | F16: 46174 | G16: 46538 | H16: 35713 | J16: HLB JIM ROBERTS | K16: External Audit | L16: Samuel Okurapa
A17: 18 | B17: Ruth Waibale Mwoga | C17: Director | D17: ruth.mwoga@hlbjimroberts.com | F17: 45931 | H17: 24994 | J17: HLB JIM ROBERTS | K17: External Audit | L17: James Onyoin Okello
A18: 19 | B18: Nakaggwa Brivian Joan | C18: Asst. Finance & Admin Officer | D18: joan.nakaggwa@hlbjimroberts.com | F18: 46167 | G18: 46623 | H18: 37473 | J18: JIM ROBERTS CONSULTING | K18: Internal Audit | L18: Ruth Waibale Mwoga
A19: 20 | B19: Nakimuli Catherine | C19: Consultancy Services/ Team Leader | D19: catherine.nakimuli@hlbjimroberts.com | F19: 45668 | G19: 46326 | H19: 35590 | J19: JIM ROBERTS CONSULTING | K19: Internal Audit | L19: Ruth Waibale Mwoga
A20: 21 | B20: Nalule Christine | C20: Team Leader | D20: christine.nalule@hlbjimroberts.com | F20: 46057 | G20: 46423 | H20: 34977 | J20: HLB JIM ROBERTS | K20: Internal Audit | L20: Samuel Okurapa
A21: 22 | B21: Nantale Angella Jackie | C21: Asst. Manager / Audit Assurance | D21: jackline.nantale@hlbjimroberts.com | F21: 46113 | G21: 46477 | H21: 34145 | J21: HLB JIM ROBERTS | K21: Internal Audit | L21: Samuel Okurapa
A22: 23 | B22: Nasolo Jacent | C22: Team Member | D22: jacent.nassolo@hlbjimroberts.com | F22: 46023 | G22: 46265 | H22: 35167 | J22: HLB JIM ROBERTS | K22: External Audit | L22: Samuel Okurapa
A23: 25 | B23: Robert Otala | C23: Partner | D23: robert.otala@hlbjimroberts.com | F23: 37043 | H23: 24232 | J23: HLB JIM ROBERTS | K23: Internal Audit
A24: 26 | B24: Samuel Okurapa | D24: samuel.okurapa@hlbjimroberts.com | F24: 46054 | J24: HLB JIM ROBERTS | K24: External Audit
A25: 27 | B25: Shafiq Kiguli | C25: Team Leader | D25: shafiq.kiguli@hlbjimroberts.com | F25: 46054 | G25: 46418 | H25: 34955 | J25: HLB JIM ROBERTS | K25: External Audit | L25: Samuel Okurapa
A26: 28 | B26: Sharon Namanda | C26: Team Leader | D26: Sharon.namanda@hlbjimroberts.com | F26: 46143 | G26: 46265 | J26: HLB JIM ROBERTS | K26: External Audit | L26: Samuel Okurapa

Sheet Entries
A1: EntryID | B1: Month | C1: Team | D1: ServiceLine | E1: Employee | F1: Reviewer | G1: KPI_ID | H1: KPI | I1: Perspective | J1: PerspectiveWeight | K1: KPIWeight | L1: Target | M1: Actual | N1: Performance % | O1: Score (1-5) | P1: Final Score | Q1: Employee Comments | R1: Supervisor Comments | S1: Status
A2: =ROW()-1 -> 1 | B2: 2026-04-01 | C2: JIM ROBERTS CONSULTING | D2: Internal Audit | E2: Anthony Kaale | F2: CPA Ruth Waibale Mwoga | G2: CUST_01 | H2: =_xlfn.SINGLE(_xlfn.XLOOKUP(G2, KPI_Definitions!A:A, KPI_Definitions!D:D, "")) -> Customer Satisfaction Survey score | I2: =_xlfn.SINGLE(_xlfn.XLOOKUP(G2, KPI_Definitions!A:A, KPI_Definitions!B:B, "")) -> Customers/Stakeholders | J2: =_xlfn.SINGLE(_xlfn.XLOOKUP(G2, KPI_Definitions!A:A, KPI_Definitions!C:C, "")) -> 0.1 | K2: =_xlfn.SINGLE(_xlfn.XLOOKUP(G2, KPI_Definitions!A:A, KPI_Definitions!E:E, "")) -> 1 | L2: =_xlfn.SINGLE(_xlfn.XLOOKUP(G2, KPI_Definitions!A:A, KPI_Definitions!F:F, "")) -> 5 | N2: =IFERROR(M2/L2,"") -> 0 | O2: =IF(N2="","",IF(N2<0.5,1,IF(N2<0.7,2,IF(N2<0.9,3,IF(N2<1.1,4,5))))) -> 1 | P2: =IF(O2="","",O2*J2*K2) -> 0.1 | S2: Draft
A3: =ROW()-1 -> 2 | B3: 2026-04-01 | C3: JIM ROBERTS CONSULTING | D3: Internal Audit | E3: Anthony Kaale | F3: CPA Ruth Waibale Mwoga | G3: FIN_01 | H3: =_xlfn.SINGLE(_xlfn.XLOOKUP(G3, KPI_Definitions!A:A, KPI_Definitions!D:D, "")) -> Collection for the month in UGX | I3: =_xlfn.SINGLE(_xlfn.XLOOKUP(G3, KPI_Definitions!A:A, KPI_Definitions!B:B, "")) -> Financial | J3: =_xlfn.SINGLE(_xlfn.XLOOKUP(G3, KPI_Definitions!A:A, KPI_Definitions!C:C, "")) -> 0.2 | K3: =_xlfn.SINGLE(_xlfn.XLOOKUP(G3, KPI_Definitions!A:A, KPI_Definitions!E:E, "")) -> 1 | L3: =_xlfn.SINGLE(_xlfn.XLOOKUP(G3, KPI_Definitions!A:A, KPI_Definitions!F:F, "")) -> 20000000 | N3: =IFERROR(M3/L3,"") -> 0 | O3: =IF(N3="","",IF(N3<0.5,1,IF(N3<0.7,2,IF(N3<0.9,3,IF(N3<1.1,4,5))))) -> 1 | P3: =IF(O3="","",O3*J3*K3) -> 0.2 | S3: Draft
A4: =ROW()-1 -> 3 | B4: 2026-04-01 | C4: JIM ROBERTS CONSULTING | D4: Internal Audit | E4: Anthony Kaale | F4: CPA Ruth Waibale Mwoga | G4: PROC_01 | H4: =_xlfn.SINGLE(_xlfn.XLOOKUP(G4, KPI_Definitions!A:A, KPI_Definitions!D:D, "")) -> No. of business referrals provided | I4: =_xlfn.SINGLE(_xlfn.XLOOKUP(G4, KPI_Definitions!A:A, KPI_Definitions!B:B, "")) -> Internal Business Process | J4: =_xlfn.SINGLE(_xlfn.XLOOKUP(G4, KPI_Definitions!A:A, KPI_Definitions!C:C, "")) -> 0.4 | K4: =_xlfn.SINGLE(_xlfn.XLOOKUP(G4, KPI_Definitions!A:A, KPI_Definitions!E:E, "")) -> 0.1 | L4: =_xlfn.SINGLE(_xlfn.XLOOKUP(G4, KPI_Definitions!A:A, KPI_Definitions!F:F, "")) -> 1 | N4: =IFERROR(M4/L4,"") -> 0 | O4: =IF(N4="","",IF(N4<0.5,1,IF(N4<0.7,2,IF(N4<0.9,3,IF(N4<1.1,4,5))))) -> 1 | P4: =IF(O4="","",O4*J4*K4) -> 0.04 | S4: Draft
A5: =ROW()-1 -> 4 | B5: 2026-04-01 | C5: JIM ROBERTS CONSULTING | D5: Internal Audit | E5: Anthony Kaale | F5: CPA Ruth Waibale Mwoga | G5: PROC_02 | H5: =_xlfn.SINGLE(_xlfn.XLOOKUP(G5, KPI_Definitions!A:A, KPI_Definitions!D:D, "")) -> No. of clients got (business closed) | I5: =_xlfn.SINGLE(_xlfn.XLOOKUP(G5, KPI_Definitions!A:A, KPI_Definitions!B:B, "")) -> Internal Business Process | J5: =_xlfn.SINGLE(_xlfn.XLOOKUP(G5, KPI_Definitions!A:A, KPI_Definitions!C:C, "")) -> 0.4 | K5: =_xlfn.SINGLE(_xlfn.XLOOKUP(G5, KPI_Definitions!A:A, KPI_Definitions!E:E, "")) -> 0.3 | L5: =_xlfn.SINGLE(_xlfn.XLOOKUP(G5, KPI_Definitions!A:A, KPI_Definitions!F:F, "")) -> 1 | N5: =IFERROR(M5/L5,"") -> 0 | O5: =IF(N5="","",IF(N5<0.5,1,IF(N5<0.7,2,IF(N5<0.9,3,IF(N5<1.1,4,5))))) -> 1 | P5: =IF(O5="","",O5*J5*K5) -> 0.12 | S5: Draft
A6: =ROW()-1 -> 5 | B6: 2026-04-01 | C6: JIM ROBERTS CONSULTING | D6: Internal Audit | E6: Anthony Kaale | F6: CPA Ruth Waibale Mwoga | G6: PROC_03 | H6: =_xlfn.SINGLE(_xlfn.XLOOKUP(G6, KPI_Definitions!A:A, KPI_Definitions!D:D, "")) -> Timely submission of weekly accountability reports | I6: =_xlfn.SINGLE(_xlfn.XLOOKUP(G6, KPI_Definitions!A:A, KPI_Definitions!B:B, "")) -> Internal Business Process | J6: =_xlfn.SINGLE(_xlfn.XLOOKUP(G6, KPI_Definitions!A:A, KPI_Definitions!C:C, "")) -> 0.4 | K6: =_xlfn.SINGLE(_xlfn.XLOOKUP(G6, KPI_Definitions!A:A, KPI_Definitions!E:E, "")) -> 0.1 | L6: =_xlfn.SINGLE(_xlfn.XLOOKUP(G6, KPI_Definitions!A:A, KPI_Definitions!F:F, "")) -> 4 | N6: =IFERROR(M6/L6,"") -> 0 | O6: =IF(N6="","",IF(N6<0.5,1,IF(N6<0.7,2,IF(N6<0.9,3,IF(N6<1.1,4,5))))) -> 1 | P6: =IF(O6="","",O6*J6*K6) -> 0.04 | S6: Draft
A7: =ROW()-1 -> 6 | B7: 2026-04-01 | C7: JIM ROBERTS CONSULTING | D7: Internal Audit | E7: Anthony Kaale | F7: CPA Ruth Waibale Mwoga | G7: PROC_04 | H7: =_xlfn.SINGLE(_xlfn.XLOOKUP(G7, KPI_Definitions!A:A, KPI_Definitions!D:D, "")) -> Timely submission of monthly Time Sheets | I7: =_xlfn.SINGLE(_xlfn.XLOOKUP(G7, KPI_Definitions!A:A, KPI_Definitions!B:B, "")) -> Internal Business Process | J7: =_xlfn.SINGLE(_xlfn.XLOOKUP(G7, KPI_Definitions!A:A, KPI_Definitions!C:C, "")) -> 0.4 | K7: =_xlfn.SINGLE(_xlfn.XLOOKUP(G7, KPI_Definitions!A:A, KPI_Definitions!E:E, "")) -> 0.1 | L7: =_xlfn.SINGLE(_xlfn.XLOOKUP(G7, KPI_Definitions!A:A, KPI_Definitions!F:F, "")) -> 1 | N7: =IFERROR(M7/L7,"") -> 0 | O7: =IF(N7="","",IF(N7<0.5,1,IF(N7<0.7,2,IF(N7<0.9,3,IF(N7<1.1,4,5))))) -> 1 | P7: =IF(O7="","",O7*J7*K7) -> 0.04 | S7: Draft
A8: =ROW()-1 -> 7 | B8: 2026-04-01 | C8: JIM ROBERTS CONSULTING | D8: Internal Audit | E8: Anthony Kaale | F8: CPA Ruth Waibale Mwoga | G8: PROC_05 | H8: =_xlfn.SINGLE(_xlfn.XLOOKUP(G8, KPI_Definitions!A:A, KPI_Definitions!D:D, "")) -> Timely completion of assignments | I8: =_xlfn.SINGLE(_xlfn.XLOOKUP(G8, KPI_Definitions!A:A, KPI_Definitions!B:B, "")) -> Internal Business Process | J8: =_xlfn.SINGLE(_xlfn.XLOOKUP(G8, KPI_Definitions!A:A, KPI_Definitions!C:C, "")) -> 0.4 | K8: =_xlfn.SINGLE(_xlfn.XLOOKUP(G8, KPI_Definitions!A:A, KPI_Definitions!E:E, "")) -> 0.1 | L8: =_xlfn.SINGLE(_xlfn.XLOOKUP(G8, KPI_Definitions!A:A, KPI_Definitions!F:F, "")) -> 5 | N8: =IFERROR(M8/L8,"") -> 0 | O8: =IF(N8="","",IF(N8<0.5,1,IF(N8<0.7,2,IF(N8<0.9,3,IF(N8<1.1,4,5))))) -> 1 | P8: =IF(O8="","",O8*J8*K8) -> 0.04 | S8: Draft
A9: =ROW()-1 -> 8 | B9: 2026-04-01 | C9: JIM ROBERTS CONSULTING | D9: Internal Audit | E9: Anthony Kaale | F9: CPA Ruth Waibale Mwoga | G9: PROC_06 | H9: =_xlfn.SINGLE(_xlfn.XLOOKUP(G9, KPI_Definitions!A:A, KPI_Definitions!D:D, "")) -> Quality of assignments handled (QCR results) | I9: =_xlfn.SINGLE(_xlfn.XLOOKUP(G9, KPI_Definitions!A:A, KPI_Definitions!B:B, "")) -> Internal Business Process | J9: =_xlfn.SINGLE(_xlfn.XLOOKUP(G9, KPI_Definitions!A:A, KPI_Definitions!C:C, "")) -> 0.4 | K9: =_xlfn.SINGLE(_xlfn.XLOOKUP(G9, KPI_Definitions!A:A, KPI_Definitions!E:E, "")) -> 0.3 | L9: =_xlfn.SINGLE(_xlfn.XLOOKUP(G9, KPI_Definitions!A:A, KPI_Definitions!F:F, "")) -> 5 | N9: =IFERROR(M9/L9,"") -> 0 | O9: =IF(N9="","",IF(N9<0.5,1,IF(N9<0.7,2,IF(N9<0.9,3,IF(N9<1.1,4,5))))) -> 1 | P9: =IF(O9="","",O9*J9*K9) -> 0.12 | S9: Draft
A10: =ROW()-1 -> 9 | B10: 2026-04-01 | C10: JIM ROBERTS CONSULTING | D10: Internal Audit | E10: Anthony Kaale | F10: CPA Ruth Waibale Mwoga | G10: PEOP_01 | H10: =_xlfn.SINGLE(_xlfn.XLOOKUP(G10, KPI_Definitions!A:A, KPI_Definitions!D:D, "")) -> Time keeping - Score from Odoo Attendance App | I10: =_xlfn.SINGLE(_xlfn.XLOOKUP(G10, KPI_Definitions!A:A, KPI_Definitions!B:B, "")) -> People and Culture | J10: =_xlfn.SINGLE(_xlfn.XLOOKUP(G10, KPI_Definitions!A:A, KPI_Definitions!C:C, "")) -> 0.23 | K10: =_xlfn.SINGLE(_xlfn.XLOOKUP(G10, KPI_Definitions!A:A, KPI_Definitions!E:E, "")) -> 0.95 | L10: =_xlfn.SINGLE(_xlfn.XLOOKUP(G10, KPI_Definitions!A:A, KPI_Definitions!F:F, "")) -> 5 | N10: =IFERROR(M10/L10,"") -> 0 | O10: =IF(N10="","",IF(N10<0.5,1,IF(N10<0.7,2,IF(N10<0.9,3,IF(N10<1.1,4,5))))) -> 1 | P10: =IF(O10="","",O10*J10*K10) -> 0.2185 | S10: Draft
A11: =ROW()-1 -> 10 | B11: 2026-04-01 | C11: JIM ROBERTS CONSULTING | D11: Internal Audit | E11: Anthony Kaale | F11: CPA Ruth Waibale Mwoga | G11: PEOP_02 | H11: =_xlfn.SINGLE(_xlfn.XLOOKUP(G11, KPI_Definitions!A:A, KPI_Definitions!D:D, "")) -> Evidence of living the firm's Vision, Mission and Values | I11: =_xlfn.SINGLE(_xlfn.XLOOKUP(G11, KPI_Definitions!A:A, KPI_Definitions!B:B, "")) -> People and Culture | J11: =_xlfn.SINGLE(_xlfn.XLOOKUP(G11, KPI_Definitions!A:A, KPI_Definitions!C:C, "")) -> 0.23 | K11: =_xlfn.SINGLE(_xlfn.XLOOKUP(G11, KPI_Definitions!A:A, KPI_Definitions!E:E, "")) -> 0.05 | L11: =_xlfn.SINGLE(_xlfn.XLOOKUP(G11, KPI_Definitions!A:A, KPI_Definitions!F:F, "")) -> 5 | N11: =IFERROR(M11/L11,"") -> 0 | O11: =IF(N11="","",IF(N11<0.5,1,IF(N11<0.7,2,IF(N11<0.9,3,IF(N11<1.1,4,5))))) -> 1 | P11: =IF(O11="","",O11*J11*K11) -> 0.0115 | S11: Draft
A12: =ROW()-1 -> 11 | B12: 2026-04-01 | C12: JIM ROBERTS CONSULTING | D12: Internal Audit | E12: Anthony Kaale | F12: CPA Ruth Waibale Mwoga | G12: ESG_01 | H12: =_xlfn.SINGLE(_xlfn.XLOOKUP(G12, KPI_Definitions!A:A, KPI_Definitions!D:D, "")) -> Demonstrates support to the firm's ESG and Sustainability agenda | I12: =_xlfn.SINGLE(_xlfn.XLOOKUP(G12, KPI_Definitions!A:A, KPI_Definitions!B:B, "")) -> ESG and Sustainability | J12: =_xlfn.SINGLE(_xlfn.XLOOKUP(G12, KPI_Definitions!A:A, KPI_Definitions!C:C, "")) -> 0.02 | K12: =_xlfn.SINGLE(_xlfn.XLOOKUP(G12, KPI_Definitions!A:A, KPI_Definitions!E:E, "")) -> 1 | L12: =_xlfn.SINGLE(_xlfn.XLOOKUP(G12, KPI_Definitions!A:A, KPI_Definitions!F:F, "")) -> 5 | N12: =IFERROR(M12/L12,"") -> 0 | O12: =IF(N12="","",IF(N12<0.5,1,IF(N12<0.7,2,IF(N12<0.9,3,IF(N12<1.1,4,5))))) -> 1 | P12: =IF(O12="","",O12*J12*K12) -> 0.02 | S12: Draft
A13: =ROW()-1 -> 12 | B13: 2026-04-01 | C13: JIM ROBERTS CONSULTING | D13: Internal Audit | E13: Anthony Kaale | F13: CPA Ruth Waibale Mwoga | G13: LNI_01 | H13: =_xlfn.SINGLE(_xlfn.XLOOKUP(G13, KPI_Definitions!A:A, KPI_Definitions!D:D, "")) -> No. of hours committed to internal training | I13: =_xlfn.SINGLE(_xlfn.XLOOKUP(G13, KPI_Definitions!A:A, KPI_Definitions!B:B, "")) -> Learning and Innovation | J13: =_xlfn.SINGLE(_xlfn.XLOOKUP(G13, KPI_Definitions!A:A, KPI_Definitions!C:C, "")) -> 0.05 | K13: =_xlfn.SINGLE(_xlfn.XLOOKUP(G13, KPI_Definitions!A:A, KPI_Definitions!E:E, "")) -> 0.25 | L13: =_xlfn.SINGLE(_xlfn.XLOOKUP(G13, KPI_Definitions!A:A, KPI_Definitions!F:F, "")) -> 12 | N13: =IFERROR(M13/L13,"") -> 0 | O13: =IF(N13="","",IF(N13<0.5,1,IF(N13<0.7,2,IF(N13<0.9,3,IF(N13<1.1,4,5))))) -> 1 | P13: =IF(O13="","",O13*J13*K13) -> 0.0125 | S13: Draft
... A17: =ROW()-1 -> 16 | B17: 2026-04-01 | C17: JIM ROBERTS CONSULTING | D17: Internal Audit | E17: Anthony Kaale | F17: CPA Ruth Waibale Mwoga | G17: LNI_05 | H17: =_xlfn.SINGLE(_xlfn.XLOOKUP(G17, KPI_Definitions!A:A, KPI_Definitions!D:D, "")) -> Contributes innovative ideas to the firm | I17: =_xlfn.SINGLE(_xlfn.XLOOKUP(G17, KPI_Definitions!A:A, KPI_Definitions!B:B, "")) -> Learning and Innovation | J17: =_xlfn.SINGLE(_xlfn.XLOOKUP(G17, KPI_Definitions!A:A, KPI_Definitions!C:C, "")) -> 0.05 | K17: =_xlfn.SINGLE(_xlfn.XLOOKUP(G17, KPI_Definitions!A:A, KPI_Definitions!E:E, "")) -> 0.2 | L17: =_xlfn.SINGLE(_xlfn.XLOOKUP(G17, KPI_Definitions!A:A, KPI_Definitions!F:F, "")) -> 5 | N17: =IFERROR(M17/L17,"") -> 0 | O17: =IF(N17="","",IF(N17<0.5,1,IF(N17<0.7,2,IF(N17<0.9,3,IF(N17<1.1,4,5))))) -> 1 | P17: =IF(O17="","",O17*J17*K17) -> 0.01 | S17: Draft

Sheet Summary
A1: Select Month: | B1: 2026-04-01 | D1: Select Service Line: | E1: Internal Audit
A2: Employee | B2: Final Score | C2: RAG | D2: Customers | E2: Financial | F2: Internal Process | G2: People & Culture | H2: ESG | I2: Learning & Innovation
A3: =_xlfn.SINGLE(_xlfn._xlws.SORT(_xlfn.UNIQUE(_xlfn._xlws.FILTER(Entries!E:E, (_xlfn.SINGLE(Entries!E:E) <> "") * (_xlfn.SINGLE(Entries!D:D) = $E$1))))) -> Anthony Kaale | B3: =IF(A3="","",SUMIFS(Entries!P:P,Entries!E:E,A3,Entries!B:B,$B$1,Entries!D:D,$E$1)) -> 1 | C3: =IF(B3="","",IF(B3>=4,"Green",IF(B3>=3,"Amber","Red"))) -> Red | D3: =IF(A3="","",SUMIFS(Entries!P:P,Entries!E:E,A3,Entries!B:B,$B$1,Entries!D:D,$E$1,Entries!I:I,"Customers/Stakeholders")) -> 0.1 | E3: =IF(A3="","",SUMIFS(Entries!P:P,Entries!E:E,A3,Entries!B:B,$B$1,Entries!D:D,$E$1,Entries!I:I,"Financial")) -> 0.2 | F3: =IF(A3="","",SUMIFS(Entries!P:P,Entries!E:E,A3,Entries!B:B,$B$1,Entries!D:D,$E$1,Entries!I:I,"Internal Business Process")) -> 0.4 | G3: =IF(A3="","",SUMIFS(Entries!P:P,Entries!E:E,A3,Entries!B:B,$B$1,Entries!D:D,$E$1,Entries!I:I,"People and Culture")) -> 0.23 | H3: =IF(A3="","",SUMIFS(Entries!P:P,Entries!E:E,A3,Entries!B:B,$B$1,Entries!D:D,$E$1,Entries!I:I,"ESG and Sustainability")) -> 0.02 | I3: =IF(A3="","",SUMIFS(Entries!P:P,Entries!E:E,A3,Entries!B:B,$B$1,Entries!D:D,$E$1,Entries!I:I,"Learning and Innovation")) -> 0.05
B4: =IF(A4="","",SUMIFS(Entries!P:P,Entries!E:E,A4,Entries!B:B,$B$1,Entries!D:D,$E$1)) | C4: =IF(B4="","",IF(B4>=4,"Green",IF(B4>=3,"Amber","Red"))) | D4: =IF(A4="","",SUMIFS(Entries!P:P,Entries!E:E,A4,Entries!B:B,$B$1,Entries!D:D,$E$1,Entries!I:I,"Customers/Stakeholders")) | E4: =IF(A4="","",SUMIFS(Entries!P:P,Entries!E:E,A4,Entries!B:B,$B$1,Entries!D:D,$E$1,Entries!I:I,"Financial")) | F4: =IF(A4="","",SUMIFS(Entries!P:P,Entries!E:E,A4,Entries!B:B,$B$1,Entries!D:D,$E$1,Entries!I:I,"Internal Business Process")) | G4: =IF(A4="","",SUMIFS(Entries!P:P,Entries!E:E,A4,Entries!B:B,$B$1,Entries!D:D,$E$1,Entries!I:I,"People and Culture")) | H4: =IF(A4="","",SUMIFS(Entries!P:P,Entries!E:E,A4,Entries!B:B,$B$1,Entries!D:D,$E$1,Entries!I:I,"ESG and Sustainability")) | I4: =IF(A4="","",SUMIFS(Entries!P:P,Entries!E:E,A4,Entries!B:B,$B$1,Entries!D:D,$E$1,Entries!I:I,"Learning and Innovation"))
B5: =IF(A5="","",SUMIFS(Entries!P:P,Entries!E:E,A5,Entries!B:B,$B$1,Entries!D:D,$E$1)) | C5: =IF(B5="","",IF(B5>=4,"Green",IF(B5>=3,"Amber","Red"))) | D5: =IF(A5="","",SUMIFS(Entries!P:P,Entries!E:E,A5,Entries!B:B,$B$1,Entries!D:D,$E$1,Entries!I:I,"Customers/Stakeholders")) | E5: =IF(A5="","",SUMIFS(Entries!P:P,Entries!E:E,A5,Entries!B:B,$B$1,Entries!D:D,$E$1,Entries!I:I,"Financial")) | F5: =IF(A5="","",SUMIFS(Entries!P:P,Entries!E:E,A5,Entries!B:B,$B$1,Entries!D:D,$E$1,Entries!I:I,"Internal Business Process")) | G5: =IF(A5="","",SUMIFS(Entries!P:P,Entries!E:E,A5,Entries!B:B,$B$1,Entries!D:D,$E$1,Entries!I:I,"People and Culture")) | H5: =IF(A5="","",SUMIFS(Entries!P:P,Entries!E:E,A5,Entries!B:B,$B$1,Entries!D:D,$E$1,Entries!I:I,"ESG and Sustainability")) | I5: =IF(A5="","",SUMIFS(Entries!P:P,Entries!E:E,A5,Entries!B:B,$B$1,Entries!D:D,$E$1,Entries!I:I,"Learning and Innovation"))
B6: =IF(A6="","",SUMIFS(Entries!P:P,Entries!E:E,A6,Entries!B:B,$B$1,Entries!D:D,$E$1)) | C6: =IF(B6="","",IF(B6>=4,"Green",IF(B6>=3,"Amber","Red"))) | D6: =IF(A6="","",SUMIFS(Entries!P:P,Entries!E:E,A6,Entries!B:B,$B$1,Entries!D:D,$E$1,Entries!I:I,"Customers/Stakeholders")) | E6: =IF(A6="","",SUMIFS(Entries!P:P,Entries!E:E,A6,Entries!B:B,$B$1,Entries!D:D,$E$1,Entries!I:I,"Financial")) | F6: =IF(A6="","",SUMIFS(Entries!P:P,Entries!E:E,A6,Entries!B:B,$B$1,Entries!D:D,$E$1,Entries!I:I,"Internal Business Process")) | G6: =IF(A6="","",SUMIFS(Entries!P:P,Entries!E:E,A6,Entries!B:B,$B$1,Entries!D:D,$E$1,Entries!I:I,"People and Culture")) | H6: =IF(A6="","",SUMIFS(Entries!P:P,Entries!E:E,A6,Entries!B:B,$B$1,Entries!D:D,$E$1,Entries!I:I,"ESG and Sustainability")) | I6: =IF(A6="","",SUMIFS(Entries!P:P,Entries!E:E,A6,Entries!B:B,$B$1,Entries!D:D,$E$1,Entries!I:I,"Learning and Innovation"))
B7: =IF(A7="","",SUMIFS(Entries!P:P,Entries!E:E,A7,Entries!B:B,$B$1,Entries!D:D,$E$1)) | C7: =IF(B7="","",IF(B7>=4,"Green",IF(B7>=3,"Amber","Red"))) | D7: =IF(A7="","",SUMIFS(Entries!P:P,Entries!E:E,A7,Entries!B:B,$B$1,Entries!D:D,$E$1,Entries!I:I,"Customers/Stakeholders")) | E7: =IF(A7="","",SUMIFS(Entries!P:P,Entries!E:E,A7,Entries!B:B,$B$1,Entries!D:D,$E$1,Entries!I:I,"Financial")) | F7: =IF(A7="","",SUMIFS(Entries!P:P,Entries!E:E,A7,Entries!B:B,$B$1,Entries!D:D,$E$1,Entries!I:I,"Internal Business Process")) | G7: =IF(A7="","",SUMIFS(Entries!P:P,Entries!E:E,A7,Entries!B:B,$B$1,Entries!D:D,$E$1,Entries!I:I,"People and Culture")) | H7: =IF(A7="","",SUMIFS(Entries!P:P,Entries!E:E,A7,Entries!B:B,$B$1,Entries!D:D,$E$1,Entries!I:I,"ESG and Sustainability")) | I7: =IF(A7="","",SUMIFS(Entries!P:P,Entries!E:E,A7,Entries!B:B,$B$1,Entries!D:D,$E$1,Entries!I:I,"Learning and Innovation"))
B8: =IF(A8="","",SUMIFS(Entries!P:P,Entries!E:E,A8,Entries!B:B,$B$1,Entries!D:D,$E$1)) | C8: =IF(B8="","",IF(B8>=4,"Green",IF(B8>=3,"Amber","Red"))) | D8: =IF(A8="","",SUMIFS(Entries!P:P,Entries!E:E,A8,Entries!B:B,$B$1,Entries!D:D,$E$1,Entries!I:I,"Customers/Stakeholders")) | E8: =IF(A8="","",SUMIFS(Entries!P:P,Entries!E:E,A8,Entries!B:B,$B$1,Entries!D:D,$E$1,Entries!I:I,"Financial")) | F8: =IF(A8="","",SUMIFS(Entries!P:P,Entries!E:E,A8,Entries!B:B,$B$1,Entries!D:D,$E$1,Entries!I:I,"Internal Business Process")) | G8: =IF(A8="","",SUMIFS(Entries!P:P,Entries!E:E,A8,Entries!B:B,$B$1,Entries!D:D,$E$1,Entries!I:I,"People and Culture")) | H8: =IF(A8="","",SUMIFS(Entries!P:P,Entries!E:E,A8,Entries!B:B,$B$1,Entries!D:D,$E$1,Entries!I:I,"ESG and Sustainability")) | I8: =IF(A8="","",SUMIFS(Entries!P:P,Entries!E:E,A8,Entries!B:B,$B$1,Entries!D:D,$E$1,Entries!I:I,"Learning and Innovation"))
B9: =IF(A9="","",SUMIFS(Entries!P:P,Entries!E:E,A9,Entries!B:B,$B$1,Entries!D:D,$E$1)) | C9: =IF(B9="","",IF(B9>=4,"Green",IF(B9>=3,"Amber","Red"))) | D9: =IF(A9="","",SUMIFS(Entries!P:P,Entries!E:E,A9,Entries!B:B,$B$1,Entries!D:D,$E$1,Entries!I:I,"Customers/Stakeholders")) | E9: =IF(A9="","",SUMIFS(Entries!P:P,Entries!E:E,A9,Entries!B:B,$B$1,Entries!D:D,$E$1,Entries!I:I,"Financial")) | F9: =IF(A9="","",SUMIFS(Entries!P:P,Entries!E:E,A9,Entries!B:B,$B$1,Entries!D:D,$E$1,Entries!I:I,"Internal Business Process")) | G9: =IF(A9="","",SUMIFS(Entries!P:P,Entries!E:E,A9,Entries!B:B,$B$1,Entries!D:D,$E$1,Entries!I:I,"People and Culture")) | H9: =IF(A9="","",SUMIFS(Entries!P:P,Entries!E:E,A9,Entries!B:B,$B$1,Entries!D:D,$E$1,Entries!I:I,"ESG and Sustainability")) | I9: =IF(A9="","",SUMIFS(Entries!P:P,Entries!E:E,A9,Entries!B:B,$B$1,Entries!D:D,$E$1,Entries!I:I,"Learning and Innovation"))
B10: =IF(A10="","",SUMIFS(Entries!P:P,Entries!E:E,A10,Entries!B:B,$B$1,Entries!D:D,$E$1)) | C10: =IF(B10="","",IF(B10>=4,"Green",IF(B10>=3,"Amber","Red"))) | D10: =IF(A10="","",SUMIFS(Entries!P:P,Entries!E:E,A10,Entries!B:B,$B$1,Entries!D:D,$E$1,Entries!I:I,"Customers/Stakeholders")) | E10: =IF(A10="","",SUMIFS(Entries!P:P,Entries!E:E,A10,Entries!B:B,$B$1,Entries!D:D,$E$1,Entries!I:I,"Financial")) | F10: =IF(A10="","",SUMIFS(Entries!P:P,Entries!E:E,A10,Entries!B:B,$B$1,Entries!D:D,$E$1,Entries!I:I,"Internal Business Process")) | G10: =IF(A10="","",SUMIFS(Entries!P:P,Entries!E:E,A10,Entries!B:B,$B$1,Entries!D:D,$E$1,Entries!I:I,"People and Culture")) | H10: =IF(A10="","",SUMIFS(Entries!P:P,Entries!E:E,A10,Entries!B:B,$B$1,Entries!D:D,$E$1,Entries!I:I,"ESG and Sustainability")) | I10: =IF(A10="","",SUMIFS(Entries!P:P,Entries!E:E,A10,Entries!B:B,$B$1,Entries!D:D,$E$1,Entries!I:I,"Learning and Innovation"))
B11: =IF(A11="","",SUMIFS(Entries!P:P,Entries!E:E,A11,Entries!B:B,$B$1,Entries!D:D,$E$1)) | C11: =IF(B11="","",IF(B11>=4,"Green",IF(B11>=3,"Amber","Red"))) | D11: =IF(A11="","",SUMIFS(Entries!P:P,Entries!E:E,A11,Entries!B:B,$B$1,Entries!D:D,$E$1,Entries!I:I,"Customers/Stakeholders")) | E11: =IF(A11="","",SUMIFS(Entries!P:P,Entries!E:E,A11,Entries!B:B,$B$1,Entries!D:D,$E$1,Entries!I:I,"Financial")) | F11: =IF(A11="","",SUMIFS(Entries!P:P,Entries!E:E,A11,Entries!B:B,$B$1,Entries!D:D,$E$1,Entries!I:I,"Internal Business Process")) | G11: =IF(A11="","",SUMIFS(Entries!P:P,Entries!E:E,A11,Entries!B:B,$B$1,Entries!D:D,$E$1,Entries!I:I,"People and Culture")) | H11: =IF(A11="","",SUMIFS(Entries!P:P,Entries!E:E,A11,Entries!B:B,$B$1,Entries!D:D,$E$1,Entries!I:I,"ESG and Sustainability")) | I11: =IF(A11="","",SUMIFS(Entries!P:P,Entries!E:E,A11,Entries!B:B,$B$1,Entries!D:D,$E$1,Entries!I:I,"Learning and Innovation"))
B12: =IF(A12="","",SUMIFS(Entries!P:P,Entries!E:E,A12,Entries!B:B,$B$1,Entries!D:D,$E$1)) | C12: =IF(B12="","",IF(B12>=4,"Green",IF(B12>=3,"Amber","Red"))) | D12: =IF(A12="","",SUMIFS(Entries!P:P,Entries!E:E,A12,Entries!B:B,$B$1,Entries!D:D,$E$1,Entries!I:I,"Customers/Stakeholders")) | E12: =IF(A12="","",SUMIFS(Entries!P:P,Entries!E:E,A12,Entries!B:B,$B$1,Entries!D:D,$E$1,Entries!I:I,"Financial")) | F12: =IF(A12="","",SUMIFS(Entries!P:P,Entries!E:E,A12,Entries!B:B,$B$1,Entries!D:D,$E$1,Entries!I:I,"Internal Business Process")) | G12: =IF(A12="","",SUMIFS(Entries!P:P,Entries!E:E,A12,Entries!B:B,$B$1,Entries!D:D,$E$1,Entries!I:I,"People and Culture")) | H12: =IF(A12="","",SUMIFS(Entries!P:P,Entries!E:E,A12,Entries!B:B,$B$1,Entries!D:D,$E$1,Entries!I:I,"ESG and Sustainability")) | I12: =IF(A12="","",SUMIFS(Entries!P:P,Entries!E:E,A12,Entries!B:B,$B$1,Entries!D:D,$E$1,Entries!I:I,"Learning and Innovation"))
B13: =IF(A13="","",SUMIFS(Entries!P:P,Entries!E:E,A13,Entries!B:B,$B$1,Entries!D:D,$E$1)) | C13: =IF(B13="","",IF(B13>=4,"Green",IF(B13>=3,"Amber","Red"))) | D13: =IF(A13="","",SUMIFS(Entries!P:P,Entries!E:E,A13,Entries!B:B,$B$1,Entries!D:D,$E$1,Entries!I:I,"Customers/Stakeholders")) | E13: =IF(A13="","",SUMIFS(Entries!P:P,Entries!E:E,A13,Entries!B:B,$B$1,Entries!D:D,$E$1,Entries!I:I,"Financial")) | F13: =IF(A13="","",SUMIFS(Entries!P:P,Entries!E:E,A13,Entries!B:B,$B$1,Entries!D:D,$E$1,Entries!I:I,"Internal Business Process")) | G13: =IF(A13="","",SUMIFS(Entries!P:P,Entries!E:E,A13,Entries!B:B,$B$1,Entries!D:D,$E$1,Entries!I:I,"People and Culture")) | H13: =IF(A13="","",SUMIFS(Entries!P:P,Entries!E:E,A13,Entries!B:B,$B$1,Entries!D:D,$E$1,Entries!I:I,"ESG and Sustainability")) | I13: =IF(A13="","",SUMIFS(Entries!P:P,Entries!E:E,A13,Entries!B:B,$B$1,Entries!D:D,$E$1,Entries!I:I,"Learning and Innovation"))
B14: =IF(A14="","",SUMIFS(Entries!P:P,Entries!E:E,A14,Entries!B:B,$B$1,Entries!D:D,$E$1)) | C14: =IF(B14="","",IF(B14>=4,"Green",IF(B14>=3,"Amber","Red"))) | D14: =IF(A14="","",SUMIFS(Entries!P:P,Entries!E:E,A14,Entries!B:B,$B$1,Entries!D:D,$E$1,Entries!I:I,"Customers/Stakeholders")) | E14: =IF(A14="","",SUMIFS(Entries!P:P,Entries!E:E,A14,Entries!B:B,$B$1,Entries!D:D,$E$1,Entries!I:I,"Financial")) | F14: =IF(A14="","",SUMIFS(Entries!P:P,Entries!E:E,A14,Entries!B:B,$B$1,Entries!D:D,$E$1,Entries!I:I,"Internal Business Process")) | G14: =IF(A14="","",SUMIFS(Entries!P:P,Entries!E:E,A14,Entries!B:B,$B$1,Entries!D:D,$E$1,Entries!I:I,"People and Culture")) | H14: =IF(A14="","",SUMIFS(Entries!P:P,Entries!E:E,A14,Entries!B:B,$B$1,Entries!D:D,$E$1,Entries!I:I,"ESG and Sustainability")) | I14: =IF(A14="","",SUMIFS(Entries!P:P,Entries!E:E,A14,Entries!B:B,$B$1,Entries!D:D,$E$1,Entries!I:I,"Learning and Innovation"))
B15: =IF(A15="","",SUMIFS(Entries!P:P,Entries!E:E,A15,Entries!B:B,$B$1,Entries!D:D,$E$1)) | C15: =IF(B15="","",IF(B15>=4,"Green",IF(B15>=3,"Amber","Red"))) | D15: =IF(A15="","",SUMIFS(Entries!P:P,Entries!E:E,A15,Entries!B:B,$B$1,Entries!D:D,$E$1,Entries!I:I,"Customers/Stakeholders")) | E15: =IF(A15="","",SUMIFS(Entries!P:P,Entries!E:E,A15,Entries!B:B,$B$1,Entries!D:D,$E$1,Entries!I:I,"Financial")) | F15: =IF(A15="","",SUMIFS(Entries!P:P,Entries!E:E,A15,Entries!B:B,$B$1,Entries!D:D,$E$1,Entries!I:I,"Internal Business Process")) | G15: =IF(A15="","",SUMIFS(Entries!P:P,Entries!E:E,A15,Entries!B:B,$B$1,Entries!D:D,$E$1,Entries!I:I,"People and Culture")) | H15: =IF(A15="","",SUMIFS(Entries!P:P,Entries!E:E,A15,Entries!B:B,$B$1,Entries!D:D,$E$1,Entries!I:I,"ESG and Sustainability")) | I15: =IF(A15="","",SUMIFS(Entries!P:P,Entries!E:E,A15,Entries!B:B,$B$1,Entries!D:D,$E$1,Entries!I:I,"Learning and Innovation"))
... B102: =IF(A102="","",SUMIFS(Entries!P:P,Entries!E:E,A102,Entries!B:B,$B$1,Entries!D:D,$E$1)) | C102: =IF(B102="","",IF(B102>=4,"Green",IF(B102>=3,"Amber","Red"))) | D102: =IF(A102="","",SUMIFS(Entries!P:P,Entries!E:E,A102,Entries!B:B,$B$1,Entries!D:D,$E$1,Entries!I:I,"Customers/Stakeholders")) | E102: =IF(A102="","",SUMIFS(Entries!P:P,Entries!E:E,A102,Entries!B:B,$B$1,Entries!D:D,$E$1,Entries!I:I,"Financial")) | F102: =IF(A102="","",SUMIFS(Entries!P:P,Entries!E:E,A102,Entries!B:B,$B$1,Entries!D:D,$E$1,Entries!I:I,"Internal Business Process")) | G102: =IF(A102="","",SUMIFS(Entries!P:P,Entries!E:E,A102,Entries!B:B,$B$1,Entries!D:D,$E$1,Entries!I:I,"People and Culture")) | H102: =IF(A102="","",SUMIFS(Entries!P:P,Entries!E:E,A102,Entries!B:B,$B$1,Entries!D:D,$E$1,Entries!I:I,"ESG and Sustainability")) | I102: =IF(A102="","",SUMIFS(Entries!P:P,Entries!E:E,A102,Entries!B:B,$B$1,Entries!D:D,$E$1,Entries!I:I,"Learning and Innovation"))

Sheet Dashboard
A1: HLB Performance Dashboard (Master)
A3: Selected Month: | B3: =Summary!B1 -> 2026-04-01 | D3: Selected Service Line: | E3: =Summary!E1 -> Internal Audit
A5: Top Employees (by Final Score)
A6: Employee | B6: Final Score
A7: =IFERROR(INDEX(_xlfn.SORTBY(Summary!A3:A102, Summary!B3:B102, -1), 1), "") -> 0 | B7: =IF(A7="","",SUMIFS(Summary!B3:B102,Summary!A3:A102,A7)) -> 0
A8: =IFERROR(INDEX(_xlfn.SORTBY(Summary!A3:A102, Summary!B3:B102, -1), 2), "") -> 0 | B8: =IF(A8="","",SUMIFS(Summary!B3:B102,Summary!A3:A102,A8)) -> 0
A9: =IFERROR(INDEX(_xlfn.SORTBY(Summary!A3:A102, Summary!B3:B102, -1), 3), "") -> 0 | B9: =IF(A9="","",SUMIFS(Summary!B3:B102,Summary!A3:A102,A9)) -> 0
A10: =IFERROR(INDEX(_xlfn.SORTBY(Summary!A3:A102, Summary!B3:B102, -1), 4), "") -> 0 | B10: =IF(A10="","",SUMIFS(Summary!B3:B102,Summary!A3:A102,A10)) -> 0
A11: =IFERROR(INDEX(_xlfn.SORTBY(Summary!A3:A102, Summary!B3:B102, -1), 5), "") -> 0 | B11: =IF(A11="","",SUMIFS(Summary!B3:B102,Summary!A3:A102,A11)) -> 0
A12: =IFERROR(INDEX(_xlfn.SORTBY(Summary!A3:A102, Summary!B3:B102, -1), 6), "") -> 0 | B12: =IF(A12="","",SUMIFS(Summary!B3:B102,Summary!A3:A102,A12)) -> 0
A13: =IFERROR(INDEX(_xlfn.SORTBY(Summary!A3:A102, Summary!B3:B102, -1), 7), "") -> 0 | B13: =IF(A13="","",SUMIFS(Summary!B3:B102,Summary!A3:A102,A13)) -> 0
A14: =IFERROR(INDEX(_xlfn.SORTBY(Summary!A3:A102, Summary!B3:B102, -1), 8), "") -> 0 | B14: =IF(A14="","",SUMIFS(Summary!B3:B102,Summary!A3:A102,A14)) -> 0
A15: =IFERROR(INDEX(_xlfn.SORTBY(Summary!A3:A102, Summary!B3:B102, -1), 9), "") -> 0 | B15: =IF(A15="","",SUMIFS(Summary!B3:B102,Summary!A3:A102,A15)) -> 0
A16: =IFERROR(INDEX(_xlfn.SORTBY(Summary!A3:A102, Summary!B3:B102, -1), 10), "") -> 0 | B16: =IF(A16="","",SUMIFS(Summary!B3:B102,Summary!A3:A102,A16)) -> 0
A19: Trend (Average Score by Month – Selected Service Line)
A20: Month | B20: Average Score
A21: 2026-04-01 | B21: =IFERROR(AVERAGEIFS(Entries!P:P,Entries!B:B,$A21,Entries!D:D,$E$3),"") -> 0.0625
A22: 2026-05-01 | B22: =IFERROR(AVERAGEIFS(Entries!P:P,Entries!B:B,$A22,Entries!D:D,$E$3),"")
A23: 2026-06-01 | B23: =IFERROR(AVERAGEIFS(Entries!P:P,Entries!B:B,$A23,Entries!D:D,$E$3),"")
A24: 2026-07-01 | B24: =IFERROR(AVERAGEIFS(Entries!P:P,Entries!B:B,$A24,Entries!D:D,$E$3),"")
A25: 2026-08-01 | B25: =IFERROR(AVERAGEIFS(Entries!P:P,Entries!B:B,$A25,Entries!D:D,$E$3),"")
A26: 2026-09-01 | B26: =IFERROR(AVERAGEIFS(Entries!P:P,Entries!B:B,$A26,Entries!D:D,$E$3),"")
A27: 2026-10-01 | B27: =IFERROR(AVERAGEIFS(Entries!P:P,Entries!B:B,$A27,Entries!D:D,$E$3),"")
A28: 2026-11-01 | B28: =IFERROR(AVERAGEIFS(Entries!P:P,Entries!B:B,$A28,Entries!D:D,$E$3),"")
A29: 2026-12-01 | B29: =IFERROR(AVERAGEIFS(Entries!P:P,Entries!B:B,$A29,Entries!D:D,$E$3),"")

Sheet Instructions
A1: How to Use the Master Performance System
A3: 1) Go to the Lists sheet and add all Employees and Reviewers (supervisors/partners).
A4: 2) In KPI_Definitions: maintain KPI targets and weights. These are preloaded based on the existing Performance Compact format.
A5: 3) In Entries: each row is one KPI record for one employee and one month.
A6: - Set Month, Team, ServiceLine, Employee, Reviewer.
A7: - Enter Actual only (column M). Performance %, Score and Final Score calculate automatically.
A8: - Add comments and update Status (Draft/Submitted/Reviewed/Approved).
A9: 4) Summary automatically produces employee-month rollups (Final Score + perspective breakdown) for the selected month/service line.
A10: 5) Dashboard shows Top Employees and trend charts. Use the Summary selectors to change Month and Service Line.
A11: Governance note: Where targets need adjustment (e.g., weekly reports if only one week applies), adjust the Target in KPI_Definitions for that cycle or create a new KPI_ID version for that month.
